Label,Degree,Degree Centrality,Betweenness Centrality,Closeness Centrality,Eigenvector Centrality
"Alós-Ferrer C, 2017, J ECON DYN CONTROL, V82, P257, DOI 10.1016/j.jedc.2017.07.001",0,0.0,0.0,0.0,1.1385081602069567e-54
"Perry BL, 2012, AM J SOCIOL, V118, P134, DOI 10.1086/666377",4,0.010416666666666666,1.3598781549173194e-05,0.010416666666666666,7.918748936141422e-23
"Agrawal A, 2018, ACM T COMPUT THEORY, V10, P0, DOI 10.1145/3265027",1,0.0026041666666666665,0.0,0.005952380952380952,1.0561863609581249e-28
"Antunes N, 2020, STUD COMPUT INTELL, V882, P203, DOI 10.1007/978-3-030-36683-4_17",2,0.005208333333333333,0.0,0.005208333333333333,8.173327171833273e-31
"Bentert M, 2019, ACM J EXPT ALGORITHM, V24, P13",1,0.0026041666666666665,0.0,0.0026041666666666665,1.2818462315165797e-39
"Aime F, 2014, ACAD MANAGE J, V57, P327, DOI 10.5465/amj.2011.0756",0,0.0,0.0,0.0,1.1385081602069567e-54
"Akrich M, 2010, SOCIOL RES ONLINE, V15, P0, DOI 10.5153/sro.2152",1,0.0026041666666666665,0.0,0.0026041666666666665,1.2818462315165797e-39
"Balcan D, 2009, BMC MED, V7, P0, DOI 10.1186/1741-7015-7-45",2,0.005208333333333333,0.0,0.005208333333333333,8.173327171833273e-31
"Isella L, 2011, PLOS ONE, V6, P0, DOI 10.1371/journal.pone.0017144",11,0.028645833333333332,3.0219514553718206e-06,0.028645833333333332,0.29577935037230857
"Bianchi F, 2022, WAVE RANDOM COMPLEX, V15, P19, DOI 10.1177/20597991221077877",10,0.026041666666666664,0.0047041613868687064,0.07697930724246514,1.1520151912384973e-05
"Arnaboldi V, 2017, J COMPUT-MEDIAT COMM, V22, P231, DOI 10.1111/jcc4.12193",7,0.018229166666666664,0.0005960640374396902,0.06864219815483354,9.857467881350552e-08
"Benenson JF, 2015, PEERJ, V3, P0, DOI 10.7717/peerj.974",4,0.010416666666666666,0.0,0.06766508501383946,3.176732619316766e-07
"de la Haye K, 2011, SOC SCI MED, V73, P719, DOI 10.1016/j.socscimed.2011.06.023",3,0.0078125,0.0,0.056871053506148225,1.0497359609892e-06
"Abel GJ, 2019, EUR J POPUL, V35, P543, DOI 10.1007/s10680-018-9493-1",2,0.005208333333333333,0.0,0.005208333333333333,8.173327171833273e-31
"De Domenico M, 2013, PHYS REV X, V3, P0, DOI 10.1103/PhysRevX.3.041022",7,0.018229166666666664,0.0063878009863649506,0.05396562598549353,8.996568095572998e-07
"Box-Steffensmeier JM, 2018, POLIT ANAL, V26, P3, DOI 10.1017/pan.2017.23",3,0.0078125,0.0,0.014663100600600602,2.5273788846888612e-17
"Isella L, 2011, J THEOR BIOL, V271, P166, DOI 10.1016/j.jtbi.2010.11.033",9,0.0234375,0.0,0.05052406259226454,0.00015995336470272476
"Martin C, 2019, NETW SCI, V7, P180, DOI 10.1017/nws.2019.12",0,0.0,0.0,0.0,1.1385081602069567e-54
"Boisvert R, 2011, NAMES, V58, P905",2,0.005208333333333333,0.0,0.005208333333333333,8.173327171833273e-31
"Adams J, 2016, J HEALTH SOC BEHAV, V57, P22, DOI 10.1177/0022146515627848",6,0.015625,0.0,0.06474650018917896,6.545391181680844e-06
"Easley D, 2010, NETWORKS, V0, P0",2,0.005208333333333333,0.0,0.005208333333333333,8.173327171833273e-31
"Cooper C, 2011, RANDOM STRUCT ALGOR, V38, P396, DOI 10.1002/rsa.20318",11,0.028645833333333332,0.020493363794604,0.05750168010752689,0.00016452142166521237
"Agliari E, 2017, SCI REP-UK, V7, P0, DOI 10.1038/srep39962",1,0.0026041666666666665,0.0,0.0026041666666666665,1.2818462315165797e-39
"Berlusconi G, 2013, GLOB CRIME, V14, P61, DOI 10.1080/17440572.2012.746940",1,0.0026041666666666665,0.0,0.0026041666666666665,1.2818462315165797e-39
"Azarnoush B, 2016, J QUAL TECHNOL, V48, P28, DOI 10.1080/00224065.2016.11918149",2,0.005208333333333333,0.0,0.03969496636511251,7.073791385880758e-08
"Bollobas B, 2009, HANDBOOK OF LARGE-SCALE RANDOM NETWORKS, V0, P0",2,0.005208333333333333,0.0,0.005208333333333333,8.173327171833273e-31
"Albert-Lszl B, 2022, NETWORK SCI, V0, P0",7,0.018229166666666664,0.0,0.018229166666666668,1.624933144782288e-09
"Lei J, 2015, ANN STAT, V43, P215, DOI 10.1214/14-AOS1274",6,0.015625,0.007832898172323759,0.039805768783438014,7.740613264183343e-08
"Aldieri L, 2018, SOCIO-ECON PLAN SCI, V62, P13, DOI 10.1016/j.seps.2017.05.003",5,0.013020833333333332,0.004333073917314822,0.07605555555555556,2.707770781079152e-06
"Antràs P, 2012, AM ECON REV, V102, P412, DOI 10.1257/aer.102.3.412",3,0.0078125,0.0,0.0602340725096797,1.6572572565861102e-07
"Bakshy E, 2015, SCIENCE, V348, P1130, DOI 10.1126/science.aaa1160",6,0.015625,0.03667719816748862,0.06087691213091427,2.9968163635711433e-07
"Maltseva D, 2020, SCIENTOMETRICS, V123, P357, DOI 10.1007/s11192-020-03365-0",6,0.015625,6.799390774586597e-06,0.05692781104457751,4.5725643510829035e-07
"Bermea AM, 2018, YOUTH SOC, V50, P423, DOI 10.1177/0044118X16661734",1,0.0026041666666666665,0.0,0.0026041666666666665,1.2818462315165797e-39
"Treur J, 2018, STUDIES COMPUTATIONA, V812, P619",7,0.018229166666666664,0.003970844212358573,0.07697930724246514,1.0212015453082046e-06
"Aral Sinan, 2013, NETWORK SCIENCE, V1, P125, DOI 10.1017/nws.2013.6",8,0.020833333333333332,0.023865861618798955,0.06571620583717358,2.499141270250928e-05
"Akbarzadeh Meisam, 2018, APPL NETW SCI, V3, P12, DOI 10.1007/s41109-018-0069-0",3,0.0078125,0.0,0.018708093869731802,5.3998836871289404e-17
"Jariego IM, 2018, AM J COMMUN PSYCHOL, V62, P233, DOI 10.1002/ajcp.12271",7,0.018229166666666664,0.0056908499222467854,0.07247988140618382,1.377515971564819e-07
"Unknown -, 2010, P 19 INT C WORLD WID, V0, P0",7,0.018229166666666664,0.00014958659704090516,0.0202020202020202,3.9963243667177085e-13
"Latapy M, 2018, SOC NETW ANAL MIN, V8, P0, DOI 10.1007/s13278-018-0537-7",5,0.013020833333333332,0.0009791122715404699,0.023935355392156864,1.3887246791347632e-16
"Leifeld P, 2019, NETW SCI, V7, P20, DOI 10.1017/nws.2018.26",3,0.0078125,6.799390774586597e-06,0.0078125,4.8105399939194936e-27
"Brandenberger L, 2019, POLIT ANAL, V27, P556, DOI 10.1017/pan.2019.10",6,0.015625,0.006444211853807154,0.08668946301925026,4.191061724319721e-06
"Alexander Michelle, 2020, NEW JIM CROW MASS IN, V0, P0",5,0.013020833333333332,6.168018774089269e-05,0.06074724884629038,2.9878920281773616e-08
"Lerner J, 2020, NETW SCI, V8, P97, DOI 10.1017/nws.2019.57",5,0.013020833333333332,0.0033532188062533478,0.07466186736474695,4.528075028757467e-06
"Ajelli M, 2010, BMC INFECT DIS, V10, P0, DOI 10.1186/1471-2334-10-190",10,0.026041666666666664,0.0,0.026258680555555552,0.27450594294130964
"Arena G, 2024, SOCIOL METHOD RES, V53, P1201, DOI 10.1177/00491241221113875",5,0.013020833333333332,0.0,0.0744669277632724,6.949536147818999e-06
"Adams J, 2012, SOC NETWORKS, V34, P1, DOI 10.1016/j.socnet.2011.10.007",1,0.0026041666666666665,0.0,0.0026041666666666665,1.2818462315165797e-39
"Attar N, 2017, CHAOS, V27, P0, DOI 10.1063/1.4997921",2,0.005208333333333333,0.0,0.005208333333333333,8.173327171833273e-31
"Boland WA, 2012, J CONSUM RES, V38, P872, DOI 10.1086/660749",2,0.005208333333333333,0.0,0.010044642857142856,3.190133240428583e-13
"Borgatti SP, 2009, ENCYCLOPEDIA OF COMPLEXITY AND SYSTEMS SCIENCE, V0, PP8279, DOI 10.1007/978-0-387-30440-3491, 10.1007/978-0-387-30440-3491",1,0.0026041666666666665,0.0,0.0026041666666666665,1.2818462315165797e-39
"Autry CW, 2014, J BUS LOGIST, V35, P52, DOI 10.1111/jbl.12034",2,0.005208333333333333,0.0,0.006944444444444444,4.7654442723810045e-23
"Aradillas-Lopez A, 2019, INFERENCE ORDERED RE, V0, P0",3,0.0078125,0.0,0.0078125,1.4432305526510858e-24
"Baeza-Yates R, 2011, MODERN INFORMATION RETRIEVAL: THE CONCEPTS AND TECHNOLOGY BEHIND SEARCH, V0, P0",2,0.005208333333333333,0.0,0.005208333333333333,8.173327171833273e-31
"Centola D, 2015, AM J SOCIOL, V120, P1295, DOI 10.1086/681275",5,0.013020833333333332,0.0017185371878991342,0.06254568713450293,3.2604959100727315e-08
"Ahuja M, 2016, INT J COMPUTER TREND, V36, P158",4,0.010416666666666666,0.0,0.020345052083333336,1.1189575364079912e-16
"Alahakoon T, 2011, P 4 WORKSH SOC NETW, V0, PP1, DOI 10.1145/1989656.1989657",0,0.0,0.0,0.0,1.1385081602069567e-54
"Doreian Patrick, 2020, ADVANCES IN NETWORK CLUSTERING AND BLOCKMODELING, V0, P0",8,0.020833333333333332,0.0013318232773300034,0.057969173441734426,9.007633726173231e-07
"Adams J, 2013, AM J PUBLIC HEALTH, V103, P322, DOI 10.2105/AJPH.2012.300908",2,0.005208333333333333,0.0,0.0495583550535766,1.5548605297607958e-07
"Block P, 2022, NETW SCI, V10, P2, DOI 10.1017/nws.2022.6",3,0.0078125,6.799390774586597e-06,0.0078125,4.8105399939194936e-27
"Barbillon P, 2020, STAT COMPUT, V30, P61, DOI 10.1007/s11222-019-09865-1",0,0.0,0.0,0.0,1.1385081602069567e-54
"Aliverti E, 2019, STAT ANAL DATA MIN, V12, P185, DOI 10.1002/sam.11412",1,0.0026041666666666665,0.0,0.003472222222222222,1.3376765275220793e-35
"Allen ML, 2017, ADM POLICY MENT HLTH, V44, P431, DOI 10.1007/s10488-015-0655-8",3,0.0078125,0.0,0.008333333333333333,6.81650543355261e-23
"Anderson BYM, 2015, AM DEMOGRAPHICS DIGI, V0, P0",1,0.0026041666666666665,0.0,0.05832481254260395,1.1318719308800282e-08
"Agbanusi I, 2018, SIAM J APPL MATH, V78, P193, DOI 10.1137/16M1064106",4,0.010416666666666666,0.0,0.050301293356848915,1.0646789587699899e-07
"Smieszek T, 2013, BMC MED, V11, P0, DOI 10.1186/1741-7015-11-35",11,0.028645833333333332,3.0219514553718206e-06,0.028645833333333332,0.2957793503723085
"Baldwin R, 2013, J INT ECON, V90, P245, DOI 10.1016/j.jinteco.2013.02.005",4,0.010416666666666666,0.0,0.019622093023255814,1.8072629360415314e-09
"Abbas W, 2018, IEEE T CONTROL NETW, V5, P2036, DOI 10.1109/TCNS.2017.2782486",1,0.0026041666666666665,0.0,0.0026041666666666665,1.2818462315165797e-39
"Akhshabi S, 2014, F1000RESEARCH, V3, P0, DOI 10.12688/f1000research.4583.2",1,0.0026041666666666665,0.0,0.04314800806858295,1.1915466149919253e-07
"Zhang X, 2015, PHYS REV E, V91, P0, DOI 10.1103/PhysRevE.91.032803",4,0.010416666666666666,0.0,0.0361709997886282,1.5172830035291325e-08
"Wimmer A, 2010, AM J SOCIOL, V116, P583, DOI 10.1086/653658",4,0.010416666666666666,0.0001903829416884247,0.015066964285714288,1.628146395862969e-12
"Antelmi A, 2020, INTERNET MATH, V1, P0",3,0.0078125,0.0,0.013911146723646723,8.607121237266563e-18
"Unknown -, 2018, R LANG ENV STAT COMP, V0, P0",4,0.010416666666666666,0.0,0.060682624113475185,2.5308053994408363e-08
"Ahmed NK, 2017, PROC VLDB ENDOW, V10, P1430, DOI 10.14778/3137628.3137651",1,0.0026041666666666665,0.0,0.06416385451818524,1.1845114054978371e-07
"Fritz C, 2021, NETW SCI, V9, P291, DOI 10.1017/nws.2021.9",9,0.0234375,0.001008349651871192,0.07565207780725022,1.0711584411806183e-05
"Backstrom L, 2012, PROCEEDINGS OF THE 3RD ANNUAL ACM WEB SCIENCE CONFERENCE, V0, P33",9,0.0234375,0.0,0.05052406259226454,0.00015995336470272476
"Barbrook-Johnson P, 2022, INT J SOC RES METHOD, V25, P835, DOI 10.1080/13645579.2021.1946118",1,0.0026041666666666665,0.0,0.0026041666666666665,1.2818462315165797e-39
"Bansal S, 2009, BMC BIOINFORMATICS, V10, P0, DOI 10.1186/1471-2105-10-405",2,0.005208333333333333,0.0,0.01282051282051282,1.1078871412970747e-14
"Ahmed NK, 2017, KNOWL INF SYST, V50, P689, DOI 10.1007/s10115-016-0965-5",2,0.005208333333333333,0.0,0.005208333333333333,8.173327171833273e-31
"Hampton KN, 2018, CONTEMP SOCIOL, V47, P643, DOI 10.1177/0094306118805415",7,0.018229166666666664,0.0022352352629359767,0.06864219815483354,9.520728763928189e-08
"Alpaydin UAR, 2021, PAP REG SCI, V100, P0, DOI 10.1111/pirs.12586",5,0.013020833333333332,0.004333073917314822,0.07605555555555556,2.707770781079152e-06
"Acemoglu D, 2011, DYN GAMES APPL, V1, P3, DOI 10.1007/s13235-010-0004-1",1,0.0026041666666666665,0.0,0.0026041666666666665,1.2818462315165797e-39
"Salvy SJ, 2012, PHYSIOL BEHAV, V106, P369, DOI 10.1016/j.physbeh.2012.03.022",3,0.0078125,0.0,0.056871053506148225,1.0497359609892e-06
"Fang RL, 2015, ORGAN SCI, V26, P1243, DOI 10.1287/orsc.2015.0972",4,0.010416666666666666,0.0,0.06309918879056048,6.031615005354165e-08
"Block P, 2014, NETW SCI, V2, P189, DOI 10.1017/nws.2014.17",4,0.010416666666666666,0.0019990208877284595,0.07666890681003584,8.063456113211323e-07
"Newman MEJ, 2018, NAT PHYS, V14, P542, DOI 10.1038/s41567-018-0076-1",2,0.005208333333333333,0.0,0.006944444444444444,1.84266949949643e-28
"Agarwal R, 2021, P NATL ACAD SCI USA, V118, P0, DOI 10.1073/pnas.2107873118",3,0.0078125,0.0,0.0078125,1.4432305526510858e-24
"Alves TFA, 2021, J STAT MECH-THEORY E, V2021, P0, DOI 10.1088/1742-5468/abefe4",2,0.005208333333333333,0.0,0.011709382494004796,3.915089942827859e-18
"Banerjee A, 2013, SCIENCE, V341, P363, DOI 10.1126/science.1236498",2,0.005208333333333333,0.0,0.056871053506148225,2.093205454395508e-05
"Almquist ZW, 2014, SOCIOL METHODOL, V44, P273, DOI 10.1177/0081175013520159",2,0.005208333333333333,0.0,0.005208333333333333,8.173327171833273e-31
"Asztalos A, 2014, PLOS ONE, V9, P0, DOI 10.1371/journal.pone.0084563",1,0.0026041666666666665,0.0,0.0026041666666666665,1.2818462315165797e-39
"Kunegis J, 2013, PROCEEDINGS OF THE 22ND INTERNATIONAL CONFERENCE ON WORLD WIDE WEB (WWW13 COMPANION), V0, P1343",4,0.010416666666666666,0.0002311792863359443,0.015919811320754717,8.12604594282638e-11
"Anderson C, 2015, PSYCHOL BULL, V141, P574, DOI 10.1037/a0038781",1,0.0026041666666666665,0.0,0.0026041666666666665,1.2818462315165797e-39
"Bakshy E, 2012, P 21 INT WORLD WID W, V0, P0",0,0.0,0.0,0.0,1.1385081602069567e-54
"Ahelegbey DF, 2021, INT REV FINANC ANAL, V73, P0, DOI 10.1016/j.irfa.2020.101604",7,0.018229166666666664,0.0,0.018229166666666668,1.624933144782288e-09
"Los B, 2015, J REGIONAL SCI, V55, P66, DOI 10.1111/jors.12121",8,0.020833333333333332,0.00015729257325210324,0.025568181818181816,3.539154416188836e-09
"Read JM, 2012, EPIDEMIOL INFECT, V140, P2117, DOI 10.1017/S0950268812000842",11,0.028645833333333332,3.0219514553718206e-06,0.028645833333333332,0.2957793503723085
"Barabási AL, 2009, SCIENCE, V325, P412, DOI 10.1126/science.1173299",6,0.015625,0.0,0.015066964285714288,4.4206432443189105e-12
"Bidart C, 2018, SOC NETWORKS, V54, P1, DOI 10.1016/j.socnet.2017.11.003",9,0.0234375,0.004482981208666584,0.07112427265170408,1.363616458405888e-07
"Feiler DC, 2015, PSYCHOL SCI, V26, P593, DOI 10.1177/0956797615569580",7,0.018229166666666664,0.021748929000479242,0.06702898550724638,1.2218547675103369e-07
"Aiello LM, 2018, STUDIES COMPUTATIONA, V813, P0",5,0.013020833333333332,0.0,0.07677209510991477,9.924231570114344e-07
"Bianchi F, 2023, ORGAN RES METHODS, V26, P524, DOI 10.1177/10944281211058469",9,0.0234375,0.000565151846866571,0.07575254537405932,1.1218884020142106e-05
"Akoglu L, 2015, DATA MIN KNOWL DISC, V29, P626, DOI 10.1007/s10618-014-0365-y",6,0.015625,0.01158616187989556,0.04404761904761905,4.956937291609071e-07
"Acemoglu D, 2011, REV ECON STUD, V78, P1201, DOI 10.1093/restud/rdr004",1,0.0026041666666666665,0.0,0.0026041666666666665,1.2818462315165797e-39
"Emmert-Streib F, 2016, INFORM SCIENCES, V346, P180, DOI 10.1016/j.ins.2016.01.074",7,0.018229166666666664,0.021565648474917397,0.08231120731120732,1.0307232688585304e-06
"DeLay D, 2013, J RES ADOLESCENCE, V23, P464, DOI 10.1111/jora.12017",7,0.018229166666666664,0.0009927110530896432,0.06482007575757576,6.6925761732664045e-06
"Piccardi C, 2015, KYKLOS, V68, P220, DOI 10.1111/kykl.12081",7,0.018229166666666664,2.3571221351900204e-05,0.021634615384615384,3.409278835936695e-09
"Angst M, 2018, ECOL SOC, V23, P0, DOI 10.5751/ES-10030-230201, 10.5751/es-10030-230201",0,0.0,0.0,0.0,1.1385081602069567e-54
"Aral S, 2012, SCIENCE, V337, P337, DOI 10.1126/science.1215842",2,0.005208333333333333,0.0005303524804177545,0.018518518518518517,5.037987332266447e-14
"Bajardi P, 2011, PLOS ONE, V6, P0, DOI 10.1371/journal.pone.0016591",9,0.0234375,0.0,0.05052406259226454,0.00015995336470272476
"Aparicio JT, 2022, EUR TRANSP RES REV, V14, P0, DOI 10.1186/s12544-022-00552-3",0,0.0,0.0,0.0,1.1385081602069567e-54
"Allen LN, 2017, LANCET GLOB HEALTH, V5, PE644, DOI 10.1016/S2214-109X(17)30200-0",1,0.0026041666666666665,0.0,0.0026041666666666665,1.2818462315165797e-39
"Alshamsi A, 2016, PLOS ONE, V11, P0, DOI 10.1371/journal.pone.0152358",5,0.013020833333333332,6.168018774089269e-05,0.06074724884629038,2.9878920281773616e-08
"Small ML, 2016, SOC NETWORKS, V47, P73, DOI 10.1016/j.socnet.2016.05.002",5,0.013020833333333332,0.004827258613159391,0.06452677224736048,6.683855502646938e-08
"Bidart C, 2011, FIELD METHOD, V23, P266, DOI 10.1177/1525822X11408513",1,0.0026041666666666665,0.0,0.0026041666666666665,1.2818462315165797e-39
"Aral S, 2017, NAT COMMUN, V8, P0, DOI 10.1038/ncomms14753",3,0.0078125,0.0,0.01731493794326241,5.503882406177536e-17
"Martens P, 2015, GLOBALIZATIONS, V12, P217, DOI 10.1080/14747731.2014.944336",9,0.0234375,0.00017497098926602846,0.022804054054054057,3.971733375978594e-09
"An WH, 2018, SOCIOL METHODOL, V48, P152, DOI 10.1177/0081175018785216",1,0.0026041666666666665,0.0,0.003472222222222222,1.3376765275220793e-35
"Baur DG, 2021, J BEHAV EXP FINANC, V32, P0, DOI 10.1016/j.jbef.2021.100561",7,0.018229166666666664,0.0,0.018229166666666668,1.624933144782288e-09
"Abdi H, 2012, WILEY INTERDISCIP RE, V4, P124, DOI 10.1002/wics.198",2,0.005208333333333333,0.0,0.005859375,1.3053296551173345e-29
"Perry BL, 2015, SOC SCI MED, V125, P116, DOI 10.1016/j.socscimed.2013.12.033",4,0.010416666666666666,1.3598781549173194e-05,0.010416666666666666,7.918748936141422e-23
"Acemoglu D, 2010, GAME ECON BEHAV, V70, P194, DOI 10.1016/j.geb.2010.01.005",0,0.0,0.0,0.0,1.1385081602069567e-54
"Stehlé J, 2011, PLOS ONE, V6, P0, DOI 10.1371/journal.pone.0023176",11,0.028645833333333332,3.0219514553718206e-06,0.028645833333333332,0.2957793503723085
"McCarty C, 2019, CONDUCTING PERSONAL, V0, P0",7,0.018229166666666664,0.0013634898171043732,0.06430853062758363,8.340795515775706e-08
"Iapadre PL, 2014, J POLICY MODEL, V36, PS89, DOI 10.1016/j.jpolmod.2013.10.010",9,0.0234375,0.0003066525239338555,0.0263671875,4.113131468980036e-09
"Unknown -, 2013, ANALYZING SOCIAL NETWORKS, V0, P0",6,0.015625,0.0008839208006962576,0.027217741935483875,2.65437912099676e-09
"Balcan D, 2010, J COMPUT SCI-NETH, V1, P132, DOI 10.1016/j.jocs.2010.07.002",2,0.005208333333333333,0.0,0.005208333333333333,8.173327171833273e-31
"Anderson JE, 2011, ANNU REV ECON, V3, P133, DOI 10.1146/annurev-economics-111809-125114",1,0.0026041666666666665,0.0,0.0026041666666666665,1.2818462315165797e-39
"Del Vicario M, 2017, SOC NETWORKS, V50, P6, DOI 10.1016/j.socnet.2017.02.002",1,0.0026041666666666665,0.0,0.0026041666666666665,1.2818462315165797e-39
"Gao ZL, 2018, PLOS ONE, V13, P0, DOI 10.1371/journal.pone.0191941",6,0.015625,0.007832898172323759,0.057617845117845116,5.834458262892074e-07
"Aleta A, 2019, ANNU REV CONDEN MA P, V10, P45, DOI 10.1146/annurev-conmatphys-031218-013259",7,0.018229166666666664,0.0019582245430809398,0.02292400234741784,1.4129929964780193e-16
"Amador J, 2016, J ECON SURV, V30, P278, DOI 10.1111/joes.12097",4,0.010416666666666666,0.0,0.019622093023255814,1.8072629360415316e-09
"Neal JW, 2020, SOC DEV, V29, P923, DOI 10.1111/sode.12442",2,0.005208333333333333,0.0,0.005208333333333333,8.173327171833273e-31
"Akoglu L, 2010, P 8 WORKSH MIN LEARN, V0, P0",6,0.015625,0.0,0.015066964285714288,4.4206432443189105e-12
"Araujo M, 2014, PAC AS C KNOWL DISC, V8444, P271, DOI 10.1007/978-3",4,0.010416666666666666,0.0,0.04384447860620036,4.794171544377705e-07
"Armbruster B, 2016, NETWORK SCI IN PRESS, V0, P0",2,0.005208333333333333,0.0,0.0495583550535766,1.5548605297607958e-07
"Almquist ZW, 2013, POLIT ANAL, V21, P430, DOI 10.1093/pan/mpt016",2,0.005208333333333333,0.0,0.005208333333333333,8.173327171833273e-31
"Akbaritabar A, 2018, SCIENTOMETRICS, V114, P859, DOI 10.1007/s11192-017-2606-5",5,0.013020833333333332,0.004333073917314822,0.07605555555555556,2.707770781079152e-06
"Berry LR, 2019, INT J FORECASTING, V0, P0",2,0.005208333333333333,0.0,0.006944444444444444,1.84266949949643e-28
"An W, 2011, THESIS, V0, P0",0,0.0,0.0,0.0,1.1385081602069567e-54
"Benson AR, 2016, SCIENCE, V353, P163, DOI 10.1126/science.aad9029",3,0.0078125,0.0,0.015625,7.985278335072556e-11
"Arnold NA, 2021, SCI. REP., V11, P1",2,0.005208333333333333,0.0,0.005208333333333333,8.173327171833273e-31
"Perry BL, 2018, EGOCENTRIC NETWORK ANALYSIS: FOUNDATIONS, V0, P0, DOI 10.1017/9781316443255",4,0.010416666666666666,0.003363984359007202,0.06889090177133655,8.346359847952123e-08
"Balcan D, 2011, NAT PHYS, V7, P581, DOI 10.1038/NPHYS1944",1,0.0026041666666666665,0.0,0.01212121212121212,8.744913336575873e-15
"Acemoglu D, 2015, AM ECON REV, V105, P564, DOI 10.1257/aer.20130456",2,0.005208333333333333,0.0,0.005208333333333333,8.173327171833273e-31
"Bagrow JP, 2011, PLOS ONE, V6, P0, DOI 10.1371/journal.pone.0017680",2,0.005208333333333333,0.0,0.01282051282051282,1.1078871412970747e-14
"Al Hasan M, 2018, WIRES DATA MIN KNOWL, V8, P0, DOI 10.1002/widm.1226",2,0.005208333333333333,0.0,0.005208333333333333,8.173327171833273e-31
"Abbott KM, 2012, HEALTH COMMUN, V27, P784, DOI 10.1080/10410236.2011.640975",3,0.0078125,0.0,0.008333333333333333,6.81650543355261e-23
"Abbate A, 2018, NETW SCI, V6, P517, DOI 10.1017/nws.2018.7",0,0.0,0.0,0.0,1.1385081602069567e-54
"Newman MEJ, 2009, PHYS REV LETT, V103, P0, DOI 10.1103/PhysRevLett.103.058701",3,0.0078125,0.0003807658833768494,0.017543859649122806,5.258937297397287e-14
"Leskovec J, 2016, ACM T INTEL SYST TEC, V8, P0, DOI 10.1145/2898361",4,0.010416666666666666,0.0,0.019609688755020085,1.0663025713706308e-16
"Barabási AL, 2011, NAT REV GENET, V12, P56, DOI 10.1038/nrg2918",9,0.0234375,0.0,0.05052406259226454,0.00015995336470272476
"Vanhems P, 2013, PLOS ONE, V8, P0, DOI 10.1371/journal.pone.0073970",11,0.028645833333333332,3.0219514553718206e-06,0.028645833333333332,0.2957793503723085
"Aggarwal CC, 2010, ADV DATABASE SYST, V40, P1, DOI 10.1007/978-1-4419-6045-0",5,0.013020833333333332,0.0,0.015151515151515152,3.199775631594458e-13
"Apolloni A, 2014, THEOR BIOL MED MODEL, V11, P0, DOI 10.1186/1742-4682-11-3",0,0.0,0.0,0.0,1.1385081602069567e-54
"Opsahl T, 2013, SOC NETWORKS, V35, P159, DOI 10.1016/j.socnet.2011.07.001",1,0.0026041666666666665,0.0,0.0046875,7.03819225389342e-30
"Stadtfeld C, 2017, SOCIOL SCI, V4, P318, DOI 10.15195/v4.a14",6,0.015625,0.006444211853807154,0.08668946301925026,4.191061724319721e-06
"Ahmed Nesreen K, 2020, GAT C, V0, P0",1,0.0026041666666666665,0.0,0.0026041666666666665,1.2818462315165797e-39
"Aiello LM, 2018, STUDIES COMPUTATIONA, V812, P0",5,0.013020833333333332,0.0,0.07677209510991477,9.924231570114344e-07
"Alao MA, 2020, ENERGY, V201, P0, DOI 10.1016/j.energy.2020.117675",7,0.018229166666666664,0.0,0.018229166666666668,1.624933144782288e-09
"Vu D, 2015, SOC NETWORKS, V43, P121, DOI 10.1016/j.socnet.2015.05.001",6,0.015625,0.006444211853807154,0.08668946301925026,4.191061724319721e-06
"Funke T, 2019, PLOS ONE, V14, P0, DOI 10.1371/journal.pone.0215296",5,0.013020833333333332,0.001550261096605744,0.020093878600823047,6.092584269570708e-17
"Snijders TAB, 2013, SOC NETWORKS, V35, P265, DOI 10.1016/j.socnet.2012.05.005",6,0.015625,0.0059154699738903395,0.07112427265170408,1.157917042332841e-06
"Arvis JF, 2016, WORLD TRADE REV, V15, P451, DOI 10.1017/S147474561500052X",4,0.010416666666666666,0.0,0.019176136363636364,2.0158112139607746e-09
"Boccaletti S, 2014, PHYS REP, V544, P1, DOI 10.1016/j.physrep.2014.07.001",11,0.028645833333333332,0.008118594625203646,0.04900486827033219,1.3534343959453802e-06
"Lomi A, 2012, SOC NETWORKS, V34, P101, DOI 10.1016/j.socnet.2010.10.005",9,0.0234375,0.054830287206266315,0.07417641959254444,6.9603063171558905e-06
"Snijders TAB, 2017, ANNU REV STAT APPL, V4, P343, DOI 10.1146/annurev-statistics-060116-054035",8,0.020833333333333332,0.06663402959094865,0.0881633178773828,4.194315798414987e-06
"Aref S, 2018, J COMPLEX NETW, V6, P566, DOI 10.1093/comnet/cnx044",4,0.010416666666666666,0.0,0.050301293356848915,1.0646789587699899e-07
"An WH, 2015, SOC NETWORKS, V40, P25, DOI 10.1016/j.socnet.2014.07.002",0,0.0,0.0,0.0,1.1385081602069567e-54
"Aarts AA, 2015, SCIENCE, V349, P0, DOI 10.1126/science.aac4716",0,0.0,0.0,0.0,1.1385081602069567e-54
"Barh D, 2014, CANC BIOMARKER MINIM, V0, P0",1,0.0026041666666666665,0.0,0.0026041666666666665,1.2818462315165797e-39
"Aguiar I, 2024, ARXIV, V0, P0",0,0.0,0.0,0.0,1.1385081602069567e-54
"Akrida EC, 2021, J COMPUT SYST SCI, V120, P179, DOI 10.1016/j.jcss.2021.04.001",0,0.0,0.0,0.0,1.1385081602069567e-54
"Agneessens F, 2012, SOC NETWORKS, V34, P333, DOI 10.1016/j.socnet.2011.04.002",6,0.015625,0.0,0.015066964285714288,4.4206432443189105e-12
"Leifeld P, 2022, NETW SCI, V10, P15, DOI 10.1017/nws.2022.7",2,0.005208333333333333,0.0,0.005859375,3.755956129317179e-27
"Michail O, 2016, INTERNET MATH, V12, P239, DOI 10.1080/15427951.2016.1177801",5,0.013020833333333332,0.0009791122715404699,0.023935355392156864,1.3887246791347632e-16
"Abouzid M, 2021, HEALTH INFORM J, V27, P0, DOI 10.1177/14604582211043158",5,0.013020833333333332,0.0,0.056871053506148225,4.18333237388958e-07
"Asoodeh S, 2018, IEEE DECIS CONTR P, V0, PP1180, DOI 10.1109/CDC.2018.8619706",0,0.0,0.0,0.0,1.1385081602069567e-54
"Block P, 2015, SOC NETWORKS, V40, P163, DOI 10.1016/j.socnet.2014.10.005",10,0.026041666666666664,0.06609007832898173,0.08160467334287078,1.8462298091302595e-06
"Bagrow J, 2022, APPL NETW SCI, V7, P0, DOI 10.1007/s41109-022-00514-7",1,0.0026041666666666665,0.0,0.003472222222222222,1.3376765275220793e-35
"Small ML, 2015, SOC NETWORKS, V40, P90, DOI 10.1016/j.socnet.2014.09.001",5,0.013020833333333332,0.02057704943434382,0.0708592132505176,8.240467543191759e-08
"Aggarwal M, 2021, MACHINE LEARNING SOC, V0, P0",2,0.005208333333333333,0.0,0.016276041666666668,1.7532013010189556e-17
"Snijders TAB, 2011, ANNU REV SOCIOL, V37, P131, DOI 10.1146/annurev.soc.012809.102709",3,0.0078125,0.0,0.04022684532204984,5.27942937539832e-09
"Antunes N, 2021, NETW SCI, V0, P1",0,0.0,0.0,0.0,1.1385081602069567e-54
"Bae J, 2014, PHYSICA A, V395, P549, DOI 10.1016/j.physa.2013.10.047",0,0.0,0.0,0.0,1.1385081602069567e-54
"Kaminski B, 2021, NETW SCI, V9, P153, DOI 10.1017/nws.2020.45",5,0.013020833333333332,0.0011422976501305484,0.016954210069444448,2.2263813813604028e-17
"Mulder J, 2019, CHAOS SOLITON FRACT, V119, P73, DOI 10.1016/j.chaos.2018.11.027",9,0.0234375,0.00012564449982857293,0.07565207780725022,1.0509758047609678e-05
"Meijerink-Bosman M, 2023, BEHAV RES METHODS, V55, P997, DOI 10.3758/s13428-022-01821-8",9,0.0234375,0.000565151846866571,0.07575254537405932,1.1218884020142108e-05
"AIMMS, 2023, PRESCRIPTIVE ANALYTI, V0, P0",0,0.0,0.0,0.0,1.1385081602069567e-54
"Avin C, 2019, PROCEEDINGS OF THE 2019 IEEE/ACM INTERNATIONAL CONFERENCE ON ADVANCES IN SOCIAL NETWORKS ANALYSIS AND MINING (ASONAM 2019), V0, PP398, DOI 10.1145/3341161.3342867",4,0.010416666666666666,0.00015638598781549172,0.01403107040229885,9.28859693999289e-18
"Baert J, 2018, LIBMORTON C MORTON E, V0, P0",0,0.0,0.0,0.0,1.1385081602069567e-54
"Core Team R, 2015, R: A LANGUAGE AND ENVIRONMENT FOR STATISTICAL COMPUTING, V0, P0",5,0.013020833333333332,0.0059154699738903395,0.04480885048442001,3.7208414608240725e-08
"Ripley RM, 2015, MANUAL RSIENA, V0, P0",3,0.0078125,0.0,0.0708592132505176,1.1081163710950759e-06
"Gomez-Rodriguez M, 2012, ACM T KNOWL DISCOV D, V5, P0, DOI 10.1145/2086737.2086741",3,0.0078125,0.0003807658833768494,0.014184397163120567,9.460153105054365e-15
"Arora S, 2021, APPL NETW SCI, V6, P0, DOI 10.1007/s41109-021-00364-9",0,0.0,0.0,0.0,1.1385081602069567e-54
"Ahmad S, 2019, COLLNET J SCIENTOMET, V13, P345, DOI 10.1080/09737766.2020.1718030",4,0.010416666666666666,0.0,0.056814409030544494,3.690029005311284e-07
"Abramo G, 2019, SCIENTOMETRICS, V120, P405, DOI 10.1007/s11192-019-03136-6",2,0.005208333333333333,0.0,0.005208333333333333,8.173327171833273e-31
"Snijders TAB, 2010, SOC NETWORKS, V32, P44, DOI 10.1016/j.socnet.2009.02.004",7,0.018229166666666664,0.00010199086161879895,0.019176136363636364,4.649840390211891e-12
"Ashqar HI, 2019, CASE STUD TRANSP POL, V7, P261, DOI 10.1016/j.cstp.2019.02.011",3,0.0078125,0.0,0.018708093869731802,5.3998836871289416e-17
"Alessandretti L, 2018, NAT HUM BEHAV, V2, P485, DOI 10.1038/s41562-018-0364-x",3,0.0078125,0.0,0.0078125,1.4432305526510858e-24
"Peixoto TP, 2020, NETZSCHLEUDER, V0, P0",2,0.005208333333333333,1.3598781549173194e-05,0.005208333333333333,1.8917602872898713e-35
"Almaatouq A, 2020, P NATL ACAD SCI USA, V117, P11379, DOI 10.1073/pnas.1917687117",3,0.0078125,0.0,0.0078125,1.4432305526510858e-24
"Adhikari S, 2020, JAMA NETW OPEN, V3, P0, DOI 10.1001/jamanetworkopen.2020.16938",3,0.0078125,0.0,0.0078125,1.4432305526510858e-24
"Eagle DE, 2015, SOC NETWORKS, V40, P75, DOI 10.1016/j.socnet.2014.07.005",6,0.015625,0.006402724777398395,0.06430853062758363,6.64217064340239e-08
"Andres G, 2022, RECONSTRUCTING SIGNED RELATIONS FROM INTERACTION DATA, V0, P0",4,0.010416666666666666,0.0,0.050301293356848915,1.0646789587699899e-07
"Amico E, 2018, NETW NEUROSCI, V2, P306, DOI 10.1162/netn_a_00049",2,0.005208333333333333,0.0,0.07229615547106041,1.4699189055753932e-07
"An WH, 2016, R J, V8, P257",1,0.0026041666666666665,0.0,0.0026041666666666665,1.2818462315165797e-39
"Betancourt N, 2016, ORGAN SCI, V27, P1435, DOI 10.1287/orsc.2016.1096",1,0.0026041666666666665,0.0,0.0026041666666666665,1.2818462315165797e-39
"Baxter GJ, 2015, PHYS REV X, V5, P0, DOI 10.1103/PhysRevX.5.031017",3,0.0078125,0.0,0.015625,7.985278335072556e-11
"Niezink NMD, 2023, J QUANT CRIMINOL, V39, P655, DOI 10.1007/s10940-022-09540-1",10,0.026041666666666664,0.0047041613868687064,0.07697930724246514,1.152015191238497e-05
"Fortunato S, 2016, PHYS REP, V659, P1, DOI 10.1016/j.physrep.2016.09.002",9,0.0234375,0.02163303799237219,0.07718764095624718,2.1545151507385704e-07
"Salathé M, 2010, P NATL ACAD SCI USA, V107, P22020, DOI 10.1073/pnas.1009094108",11,0.028645833333333332,3.0219514553718206e-06,0.028645833333333332,0.2957793503723085
"Agreste S, 2017, IEEE T BIG DATA, V3, P289, DOI 10.1109/TBDATA.2016.2631512",2,0.005208333333333333,0.0,0.06445386064030131,2.8907541536963248e-08
"Hogan B, 2016, 34TH ANNUAL CHI CONFERENCE ON HUMAN FACTORS IN COMPUTING SYSTEMS, V0, P5360, DOI 10.1145/2858036.2858368",3,0.0078125,1.2627440009946537e-05,0.05670145791915176,1.3539718374351748e-08
"Allen L, 2017, J PUBLIC HEALTH-UK, V39, P698, DOI 10.1093/pubmed/fdx008",1,0.0026041666666666665,0.0,0.0026041666666666665,1.2818462315165797e-39
"Arnold EA, 2016, GLOB. PUBLIC HEALTH, V0, P1",4,0.010416666666666666,0.0,0.05664515061238001,1.2205388124666946e-06
"Abbe E, 2018, J MACH LEARN RES, V18, P0",4,0.010416666666666666,0.0,0.0361709997886282,1.5172830035291325e-08
"Azoulay P, 2017, AM J SOCIOL, V122, P1223, DOI 10.1086/689890",3,0.0078125,0.0,0.07656599552572707,7.965507615109017e-07
"Lerner J, 2021, SOC NETWORKS, V66, P224, DOI 10.1016/j.socnet.2021.04.001",4,0.010416666666666666,2.7003294790501053e-05,0.06387644643523703,2.9379918562724204e-06
"AlGhamdi S, 2021, ROADMAPPING FUTURE T, V0, P399",5,0.013020833333333332,0.0,0.056871053506148225,4.18333237388958e-07
"Andrieu C, 2010, J R STAT SOC B, V72, P269, DOI 10.1111/j.1467-9868.2009.00736.x",1,0.0026041666666666665,0.0,0.0026041666666666665,1.2818462315165797e-39
"Battiston F, 2014, PHYS REV E, V89, P0, DOI 10.1103/PhysRevE.89.032804",5,0.013020833333333332,1.0634944544866214e-05,0.048422467458970005,7.554311507462996e-07
"Eddens K, 2018, SOC NETWORKS, V55, P130, DOI 10.1016/j.socnet.2018.05.009",3,0.0078125,1.2627440009946537e-05,0.05670145791915176,1.3539718374351748e-08
"Lancichinetti A, 2011, PHYS REV E, V84, P0, DOI 10.1103/PhysRevE.84.066122",7,0.018229166666666664,0.00014958659704090516,0.0202020202020202,3.9963243667177085e-13
"Adams J, 2015, NETW SCI, V3, P293, DOI 10.1017/nws.2015.16",5,0.013020833333333332,0.005059452411769643,0.07042181069958849,1.087492774585728e-07
"Dombrowski Kirk, 2013, WORLD J AIDS, V3, P1",6,0.015625,0.003970844212358573,0.05675787728026535,1.2514858584002408e-06
"Ajzen I, 2020, HUM BEHAV EMERG TECH, V2, P314, DOI 10.1002/hbe2.195",1,0.0026041666666666665,0.0,0.0026041666666666665,1.2818462315165797e-39
"Aral S, 2013, NETWORK SCI, V1, P1",2,0.005208333333333333,0.0,0.04480885048442001,2.03633616888069e-05
"Alemán E, 2013, POLIT STUD-LONDON, V61, P356, DOI 10.1111/j.1467-9248.2012.00964.x",3,0.0078125,0.0,0.04022684532204984,5.27942937539832e-09
"Arifin S, 2018, J PHYS CONF SER, V943, P0, DOI 10.1088/1742-6596/943/1/012038",2,0.005208333333333333,0.0,0.06445386064030131,2.8907541536963248e-08
"Valente TW, 2012, SCIENCE, V337, P49, DOI 10.1126/science.1217330",13,0.033854166666666664,0.029536553524804176,0.06594412331406552,7.352421137961672e-06
"Balcan D, 2009, P NATL ACAD SCI USA, V106, P21484, DOI 10.1073/pnas.0906910106",2,0.005208333333333333,0.0,0.005208333333333333,8.173327171833273e-31
"Ambroise C, 2012, J ROY STAT SOC B, V74, P3, DOI 10.1111/j.1467-9868.2011.01009.x",3,0.0078125,0.0,0.0501685722661976,1.5671593129608182e-07
"Borgatti SP, 2011, THE SAGE HANDBOOK OF SOCIAL NETWORK ANALYSIS, V1, P417, DOI 10.4135/9781446294413.n28, 10.4135/9781446294413.N28",3,0.0078125,2.7197563098346387e-05,0.0078125,1.5273485900450143e-29
"Krivitsky PN, 2014, J ROY STAT SOC B, V76, P29, DOI 10.1111/rssb.12014",6,0.015625,0.013421997389033942,0.057270749665327976,1.0972608856098376e-06
"Acemoglu D, 2016, J ECON THEORY, V166, P536, DOI 10.1016/j.jet.2016.09.009",2,0.005208333333333333,0.0,0.005208333333333333,8.173327171833273e-31
"Ahelegbey DF, 2022, PHYSICA A, V594, P0, DOI 10.1016/j.physa.2022.127017",7,0.018229166666666664,0.0,0.018229166666666668,1.624933144782288e-09
"Akoglu Leman, 2012, SDM, V0, P0",5,0.013020833333333332,0.0,0.015151515151515152,3.199775631594458e-13
"Atzmueller M, 2011, P 24 INT FLAIRS C, V0, P459",5,0.013020833333333332,0.0,0.015151515151515152,3.199775631594458e-13
"Battiston F, 2016, PLOS ONE, V11, P0, DOI 10.1371/journal.pone.0147451",0,0.0,0.0,0.0,1.1385081602069567e-54
"Alemán Eduardo, 2015, COLOMB.INT., V0, P23",3,0.0078125,0.0,0.04022684532204984,5.27942937539832e-09
"Anand K, 2013, EUR J FINANC, V19, P438, DOI 10.1080/1351847X.2011.601872",1,0.0026041666666666665,0.0,0.0026041666666666665,1.2818462315165797e-39
"Artinger FM, 2022, J ECON LIT, V60, P598, DOI 10.1257/jel.20201396",1,0.0026041666666666665,0.0,0.0026041666666666665,1.2818462315165797e-39
"Akrida EC, 2019, J COMPUT SYST SCI, V103, P46, DOI 10.1016/j.jcss.2019.02.003",1,0.0026041666666666665,0.0,0.0026041666666666665,1.2818462315165797e-39
"Ball B, 2013, NETW SCI, V1, P16, DOI 10.1017/nws.2012.4, 10.1017/NWS.2012.4",2,0.005208333333333333,0.0,0.05559616634178038,1.4790990513793585e-06
"Bodin Ö, 2009, GLOBAL ENVIRON CHANG, V19, P366, DOI 10.1016/j.gloenvcha.2009.05.002",6,0.015625,0.0,0.015066964285714288,4.4206432443189105e-12
"Stadtfeld, 2022, GOLDFISH STAT NETWOR, V0, P0",2,0.005208333333333333,0.0,0.0740800865800866,2.943720140181053e-06
"Ahn YY, 2010, NATURE, V466, P761, DOI 10.1038/nature09182",2,0.005208333333333333,0.0002039817232375979,0.016666666666666666,5.0255414897578e-14
"Amighini A, 2014, WORLD ECON, V37, P923, DOI 10.1111/twec.12091",5,0.013020833333333332,0.0,0.0234375,2.6042230164355085e-09
"Bachrach CA, 2017, AM J PUBLIC HEALTH, V107, P251, DOI 10.2105/AJPH.2016.303580",6,0.015625,0.0,0.06474650018917896,6.5453911816808435e-06
"De Benedictis L, 2014, GLOB ECON J, V14, P287, DOI 10.1515/gej-2014-0032",7,0.018229166666666664,2.3571221351900204e-05,0.021634615384615384,3.409278835936695e-09
"Bernstein A, 2014, P IEEE INFOCOM 14 TO, V0, P0",1,0.0026041666666666665,0.0,0.0026041666666666665,1.2818462315165797e-39
"Block P, 2019, SOCIOL METHOD RES, V48, P202, DOI 10.1177/0049124116672680",2,0.005208333333333333,0.0,0.005859375,3.755956129317179e-27
"Bernardes DF, 2012, P INT C ADV SOC NETW, V0, P0",2,0.005208333333333333,0.0,0.01092896174863388,1.9929467470507843e-15
"Bardi A, 2014, J PERS SOC PSYCHOL, V106, P131, DOI 10.1037/a0034818",4,0.010416666666666666,0.0,0.06766508501383946,3.176732619316766e-07
"Dueñas M, 2013, J ECON INTERACT COOR, V8, P155, DOI 10.1007/s11403-013-0108-y",7,0.018229166666666664,2.3571221351900204e-05,0.021634615384615384,3.409278835936695e-09
"Rombach MP, 2014, SIAM J APPL MATH, V74, P167, DOI 10.1137/120881683",4,0.010416666666666666,0.0007615317667536988,0.02109375,4.0697874964354015e-10
"Marjan M, 2018, 2018 IEEE 5TH INTERNATIONAL CONGRESS ON INFORMATION SCIENCE AND TECHNOLOGY (IEEE CIST18), V0, PP200, DOI 10.1109/CIST.2018.8596511",6,0.015625,0.0019990208877284595,0.07687556154537287,1.0049135813325902e-06
"Argote L, 2018, ORGAN SCI, V29, P191, DOI 10.1287/orsc.2017.1176",3,0.0078125,0.0,0.0078125,1.4432305526510858e-24
"Bharadwaj HM, 2016, J ACOUST SOC AM, V139, P2101",2,0.005208333333333333,0.0,0.005208333333333333,8.173327171833273e-31
"Ban T, 2011, INT WIREL COMMUN, V0, PP1801, DOI 10.1109/IWCMC.2011.5982808",2,0.005208333333333333,0.0,0.01092896174863388,1.9929467470507843e-15
"Abbe E, 2017, THE JOURNAL OF MACHINE LEARNING RESEARCH, V18, P6446",1,0.0026041666666666665,0.0,0.0026041666666666665,1.2818462315165797e-39
"Adiga A, 2019, INT J ADV ENG SCI AP, V11, P153, DOI 10.1007/s12572-018-0237-6",1,0.0026041666666666665,0.0,0.0026041666666666665,1.2818462315165797e-39
"Xie JR, 2013, ACM COMPUT SURV, V45, P0, DOI 10.1145/2501654.2501657",4,0.010416666666666666,0.0,0.018518518518518517,2.5735308959561636e-13
"Armbruster B, 2013, PLOS ONE, V8, P0, DOI 10.1371/journal.pone.0070043",4,0.010416666666666666,0.0,0.05664515061238001,1.2205388124666948e-06
"Ahn YY, 2011, SCI REP-UK, V1, P0, DOI 10.1038/srep00196",9,0.0234375,0.0,0.05052406259226454,0.00015995336470272476
"Unknown -, 2017, SOMEONE TO TALK TO, V0, P0",5,0.013020833333333332,0.0003925838721041068,0.06166666666666667,4.2998599229780154e-08
"Csermely P, 2013, J COMPLEX NETW, V1, P93, DOI 10.1093/comnet/cnt016",7,0.018229166666666664,0.0019990208877284595,0.048546099290780145,9.653759627063744e-07
"Fortunato S, 2010, PHYS REP, V486, P75, DOI 10.1016/j.physrep.2009.11.002",7,0.018229166666666664,0.0012102915578764142,0.024691358024691357,2.8006374940503006e-13
"Ahmed NK, 2019, P DLG KDD, V0, P17",0,0.0,0.0,0.0,1.1385081602069567e-54
"Alomia-Hinojosa V, 2023, SYST RES BEHAV SCI, V40, P146, DOI 10.1002/sres.2830",1,0.0026041666666666665,0.0,0.0026041666666666665,1.2818462315165797e-39
"Aicher C, 2015, J COMPLEX NETW, V3, P221, DOI 10.1093/comnet/cnu026",1,0.0026041666666666665,0.0,0.0026041666666666665,1.2818462315165797e-39
"Stehlé J, 2011, BMC MED, V9, P0, DOI 10.1186/1741-7015-9-87",11,0.028645833333333332,3.0219514553718206e-06,0.028645833333333332,0.2957793503723085
"Abt Thomas, 2019, BLEEDING OUT DEVASTA, VFirst, P0, DOI 10.1093/sw/25.6.506",5,0.013020833333333332,0.003560253728538658,0.07615709835336004,6.184510381752066e-06
"Amini H, 2012, INT J THEOR APPL FIN, V15, P0, DOI 10.1142/S0219024911006504",2,0.005208333333333333,0.0,0.005208333333333333,8.173327171833273e-31
"Abel GJ, 2014, SCIENCE, V343, P1520, DOI 10.1126/science.1248676",5,0.013020833333333332,0.0,0.020579268292682928,2.653947285274038e-09
"Antunes N, 2016, ACM T MODEL PERFORM, V1, P0",2,0.005208333333333333,0.0,0.005208333333333333,8.173327171833273e-31
"Algesheimer R, 2018, SOCIOL METHOD RES, V47, P277, DOI 10.1177/0049124115613782",4,0.010416666666666666,0.0,0.06766508501383946,3.176732619316766e-07
"Boily MC, 2012, PLOS MED, V9, P0, DOI 10.1371/journal.pmed.1001250",1,0.0026041666666666665,0.0,0.0026041666666666665,1.2818462315165797e-39
"Blitzstein J, 2011, INTERNET MATH, V6, P489, DOI 10.1080/15427951.2010.557277",1,0.0026041666666666665,0.0,0.0026041666666666665,1.2818462315165797e-39
"Offer S, 2018, AM SOCIOL REV, V83, P111, DOI 10.1177/0003122417737951",12,0.03125,0.006982514466603908,0.06939375506893755,1.1996846664081343e-07
"Bedowska-Sójka B, 2021, ENTROPY-SWITZ, V23, P0, DOI 10.3390/e23111386",7,0.018229166666666664,0.0,0.018229166666666668,1.624933144782288e-09
"Assini-Meytin LC, 2015, J ADOLESCENT HEALTH, V56, P529, DOI 10.1016/j.jadohealth.2015.01.005",1,0.0026041666666666665,0.0,0.0026041666666666665,1.2818462315165797e-39
"Papadopoulos F, 2012, NATURE, V489, P537, DOI 10.1038/nature11459",11,0.028645833333333332,0.003970844212358573,0.05061372375036971,0.00016400420745170657
"Agrawal A, 2014, PHYSICA A, V404, P359, DOI 10.1016/j.physa.2013.12.005",1,0.0026041666666666665,0.0,0.0026041666666666665,1.2818462315165797e-39
"Almagro M, 2022, J URBAN ECON, V127, P0, DOI 10.1016/j.jue.2020.103293",3,0.0078125,0.0,0.0078125,1.4432305526510858e-24
"Aiello LM, 2012, ACM T WEB, V6, P0, DOI 10.1145/2180861.2180866",2,0.005208333333333333,0.0,0.04480885048442001,2.0363361688806897e-05
"Barabasi A-L, 2015, NETWORK SCIENCE, V0, P0",1,0.0026041666666666665,0.0,0.005952380952380952,1.0561863609581249e-28
"Fortunato S, 2018, SCIENCE, V359, P0, DOI 10.1126/science.aao0185",9,0.0234375,0.009863845290371074,0.06548985840030616,1.3140309907749007e-06
"Holme P, 2015, EUR PHYS J B, V88, P0, DOI 10.1140/epjb/e2015-60657-4",4,0.010416666666666666,6.799390774586597e-05,0.010416666666666666,2.474563404803211e-28
"Herz A, 2015, FORUM: QUALITATIVE SOCIAL RESEARCH, V16, P0, DOI 10.17169/FQS-16.1.2092, 10.17169/fqs-16.1.2092",5,0.013020833333333332,0.0023474305693218897,0.0642361111111111,3.124591185404616e-08
"Giannella E, 2016, SOC NETWORKS, V47, P15, DOI 10.1016/j.socnet.2016.02.003",9,0.0234375,0.004482981208666584,0.07112427265170408,1.363616458405888e-07
"Azadegan A, 2021, J SUPPLY CHAIN MANAG, V57, P17, DOI 10.1111/jscm.12256",3,0.0078125,0.0,0.0078125,1.4432305526510858e-24
"Baldwin R, 2015, WORLD ECON, V38, P1682, DOI 10.1111/twec.12189",8,0.020833333333333332,0.00015729257325210324,0.025568181818181816,3.539154416188836e-09
"Cardillo A, 2013, SCI REP-UK, V3, P0, DOI 10.1038/srep01344",10,0.026041666666666664,0.001283219382517685,0.04871192712781099,1.3451359387178968e-06
"Ahmadpoor M, 2019, P NATL ACAD SCI USA, V0, P0",4,0.010416666666666666,0.0002546463348271162,0.06380499627143923,1.9284954761747327e-06
"De Domenico M, 2015, PHYS REV X, V5, P0, DOI 10.1103/PhysRevX.5.011027",9,0.0234375,4.869409854723171e-05,0.04862887183859051,1.2611319722707302e-06
"Barnes JC, 2014, SOC NETWORKS, V38, P41, DOI 10.1016/j.socnet.2014.01.001",0,0.0,0.0,0.0,1.1385081602069567e-54
"Wyse J, 2012, STAT COMPUT, V22, P415, DOI 10.1007/s11222-011-9233-4",0,0.0,0.0,0.0,1.1385081602069567e-54
"Kipf TN, 2016, ARXIV, V0, P0",2,0.005208333333333333,0.0,0.005208333333333333,8.173327171833273e-31
"Amati V, 2019, SOC NETWORKS, V57, P18, DOI 10.1016/j.socnet.2018.10.001",20,0.05208333333333333,0.05876382625614589,0.09112087326943558,1.527856557729692e-05
"Bailey MA, 2017, J CONFLICT RESOLUT, V61, P430, DOI 10.1177/0022002715595700",1,0.0026041666666666665,0.0,0.012146299751243783,5.529717468524007e-18
"Beierlein C, 2014, 28 INT C APPL PSYCH, V0, P0",4,0.010416666666666666,0.0,0.06766508501383946,3.176732619316766e-07
"Bakshy E, 2011, P FORTH INT C WEB SE, V0, PP65, DOI 10.1145/1935826.1935845, 10.1145/1935826.1935845, 10.1145/1935826, 10.1145/1935826",9,0.0234375,0.0,0.05052406259226454,0.00015995336470272476
"Grover A, 2016, KDD16: PROCEEDINGS OF THE 22ND ACM SIGKDD INTERNATIONAL CONFERENCE ON KNOWLEDGE DISCOVERY AND DATA MINING, V0, PP855, DOI 10.1145/2939672.2939754",2,0.005208333333333333,0.0,0.005208333333333333,8.173327171833273e-31
"Athey S, 2018, J AM STAT ASSOC, V113, P230, DOI 10.1080/01621459.2016.1241178",3,0.0078125,0.0,0.0078125,1.4432305526510858e-24
"Batagelj V, 2020, J INFORMETR, V14, P0, DOI 10.1016/j.joi.2020.101006",6,0.015625,6.799390774586597e-06,0.05692781104457751,4.572564351082904e-07
"Almquist ZW, 2012, SOC NETWORKS, V34, P493, DOI 10.1016/j.socnet.2012.03.002",9,0.0234375,0.0,0.02423878205128205,0.2488451232502591
"De Domenico M, 2014, P NATL ACAD SCI USA, V111, P8351, DOI 10.1073/pnas.1318469111",9,0.0234375,4.869409854723171e-05,0.04862887183859051,1.2611319722707302e-06
"Nakamura K, 2020, GLOB CRIME, V21, P3, DOI 10.1080/17440572.2019.1627879",5,0.013020833333333332,0.01051307154657599,0.06617362722351121,3.621135319853902e-06
"Brashears ME, 2018, SOC NETWORKS, V55, P104, DOI 10.1016/j.socnet.2018.05.010",6,0.015625,0.04556551273465432,0.07889580451821115,4.587827887553959e-07
"Bertoletti M, 2015, METRON, V73, P177, DOI 10.1007/s40300-015-0064-5",0,0.0,0.0,0.0,1.1385081602069567e-54
"Fischer Manuel, 2020, NETWORKS IN WATER GOVERNANCE, V0, P87",8,0.020833333333333332,0.0006281595347110733,0.07565207780725022,9.68778478990646e-06
"Ajelli M, 2014, SCI REP-UK, V4, P0, DOI 10.1038/srep07218",10,0.026041666666666664,0.0,0.026258680555555552,0.27450594294130964
"Treur Jan, 2019, TRANSACTIONS ON COMPUTATIONAL COLLECTIVE INTELLIGENCE XXXII. LECTURE NOTES IN COMPUTER SCIENCE (LNCS 11370), V0, PP120, DOI 10.1007/978-3-662-58611-2_2",2,0.005208333333333333,0.0,0.06430853062758363,1.3645673555167053e-07
"Mukherjee S, 2019, NAT HUM BEHAV, V3, P74, DOI 10.1038/s41562-018-0460-y",2,0.005208333333333333,0.0,0.055923202614379094,1.1409818858976017e-06
"Andrews KT, 2010, AM J SOCIOL, V115, P1191, DOI 10.1086/649060",0,0.0,0.0,0.0,1.1385081602069567e-54
"Elmer T, 2019, BEHAV RES METHODS, V51, P2120, DOI 10.3758/s13428-018-1180-y",10,0.026041666666666664,0.02626066848488518,0.08775641025641026,4.370738586370409e-06
"Agneessens F, 2017, SOC NETWORKS, V49, P12, DOI 10.1016/j.socnet.2016.09.005",1,0.0026041666666666665,0.0,0.0026041666666666665,1.2818462315165797e-39
"Grabowicz PA, 2012, PLOS ONE, V7, P0, DOI 10.1371/journal.pone.0029358",9,0.0234375,0.0,0.05052406259226454,0.00015995336470272476
"Arbel I, 2019, GERONTOLOGIST, V59, PE802, DOI 10.1093/geront/gny177",0,0.0,0.0,0.0,1.1385081602069567e-54
"Battiston F, 2020, PHYS REP, V874, P1, DOI 10.1016/j.physrep.2020.05.004",1,0.0026041666666666665,0.0,0.003472222222222222,1.3376765275220793e-35
"Kivela M, 2014, J COMPLEX NETW, V2, P203, DOI 10.1093/comnet/cnu016",8,0.020833333333333332,0.0012245179754970875,0.04858745031232254,1.1560756285893079e-06
"Lee B, 2017, SOCIOL SCI, V4, P1, DOI 10.15195/v4.a1",5,0.013020833333333332,0.0063504698102038095,0.06571620583717358,6.697391021593979e-08
"Abbe E, 2018, FOUND TRENDS COMMUN, V14, P1, DOI 10.1561/0100000067",3,0.0078125,0.0,0.0078125,1.4432305526510858e-24
"Bannikova M, 2021, AUTON AGENT MULTI-AG, V35, P0, DOI 10.1007/s10458-020-09490-7",1,0.0026041666666666665,0.0,0.0026041666666666665,1.2818462315165797e-39
"Bai YS, 2019, PROCEEDINGS OF THE TWELFTH ACM INTERNATIONAL CONFERENCE ON WEB SEARCH AND DATA MINING (WSDM19), V0, PP384, DOI 10.1145/3289600.3290967",2,0.005208333333333333,0.0,0.005208333333333333,8.173327171833273e-31
"Cattuto C, 2010, PLOS ONE, V5, P0, DOI 10.1371/journal.pone.0011596",11,0.028645833333333332,3.0219514553718206e-06,0.028645833333333332,0.2957793503723085
"Paranjape A, 2017, WSDM17: PROCEEDINGS OF THE TENTH ACM INTERNATIONAL CONFERENCE ON WEB SEARCH AND DATA MINING, V0, PP601, DOI 10.1145/3018661.3018731",7,0.018229166666666664,0.0017134464751958223,0.021415844298245616,1.376994331602217e-16
"Arribas I, 2014, DISCUSSION PAPERS EC, V0, P0",2,0.005208333333333333,0.0,0.005208333333333333,8.173327171833273e-31
"Unknown -, 2018, NO TITLE CAPTURED, V0, P44",1,0.0026041666666666665,0.0,0.0026041666666666665,1.2818462315165797e-39
"Barthélemy M, 2011, PHYS REP, V499, P1, DOI 10.1016/j.physrep.2010.11.002",6,0.015625,0.0,0.015066964285714288,4.4206432443189105e-12
"Andrade LF, 2013, AM J DRUG ALCOHOL AB, V39, P266, DOI 10.3109/00952990.2013.803112",4,0.010416666666666666,0.0,0.05664515061238001,1.2205388124666948e-06
"Centola Damon, 2018, HOW BEHAVIOR SPREADS, V0, P0",3,0.0078125,0.0,0.01731493794326241,5.503882406177536e-17
"Selden M, 2018, SOC NETWORKS, V52, P81, DOI 10.1016/j.socnet.2017.05.007",7,0.018229166666666664,0.0056908499222467854,0.07247988140618382,1.3775159715648192e-07
"Adams J, 2020, GATHERING SOCIAL NETWORK DATA, V0, P0",2,0.005208333333333333,0.0,0.005208333333333333,8.173327171833273e-31
"Bishop M, 2011, PROCEEDINGS OF THE 2011 NEW SECURITY PARADIGMS WORKSHOP (NSPW11), V0, P95",2,0.005208333333333333,0.0,0.010044642857142856,3.190133240428583e-13
"Andersen TB, 2011, J ECON GROWTH, V16, P1, DOI 10.1007/s10887-011-9060-7",0,0.0,0.0,0.0,1.1385081602069567e-54
"Ali W, 2014, BIOINFORMATICS, V30, PI430, DOI 10.1093/bioinformatics/btu447",0,0.0,0.0,0.0,1.1385081602069567e-54
"Peixoto TP, 2015, PHYS REV E, V92, P0, DOI 10.1103/PhysRevE.92.042807",10,0.026041666666666664,0.0079721985115262,0.04896280400572246,1.27043742951713e-06
"Unknown -, 2016, NETWORK SCIENCE, V0, P0",4,0.010416666666666666,0.0,0.019609688755020085,1.0663025713706307e-16
"Neal ZP, 2023, NETW SCI, V11, P397, DOI 10.1017/nws.2023.3",2,0.005208333333333333,0.0,0.005208333333333333,8.173327171833273e-31
"Athreya A, 2016, SANKHYA SER A, V78, P1",4,0.010416666666666666,0.0,0.0361709997886282,1.5172830035291325e-08
"Aman V, 2018, SCIENTOMETRICS, V117, P705, DOI 10.1007/s11192-018-2895-3",4,0.010416666666666666,0.0,0.019609688755020085,1.0663025713706307e-16
"Almaatouq A, 2020, PSYARXIV, V0, P0, DOI 10.31234/osf.io/ra9qy, 10.31234/OSF.IO/RA9QY",3,0.0078125,0.0,0.0078125,1.4432305526510858e-24
"Sailer K, 2012, SOC NETWORKS, V34, P47, DOI 10.1016/j.socnet.2011.05.005",11,0.028645833333333332,3.0219514553718206e-06,0.028645833333333332,0.2957793503723085
"Balbi S, 2013, SIS C 2013 ADV LAT V, V0, P0",1,0.0026041666666666665,0.0,0.0026041666666666665,1.2818462315165797e-39
"Bender-deMoll S, 2015, TSNA TOOLS TEMPORAL, V0, P0",1,0.0026041666666666665,0.0,0.039502539242843956,9.437262201123564e-08
"Allen F, 2012, J FINANC ECON, V104, P519, DOI 10.1016/j.jfineco.2011.07.003",2,0.005208333333333333,0.0,0.005208333333333333,8.173327171833273e-31
"Acemoglu D, 2013, NATL BUREAU EC RES N, V0, P0",1,0.0026041666666666665,0.0,0.0026041666666666665,1.2818462315165797e-39
"Leenders RTAJ, 2016, ORGAN PSYCHOL REV, V6, P92, DOI 10.1177/2041386615578312",5,0.013020833333333332,0.045653733112936704,0.08425652387986214,3.3373341083359077e-06
"Salehi M, 2015, IEEE T NETW SCI ENG, V2, P65, DOI 10.1109/TNSE.2015.2425961",9,0.0234375,0.026722930753609646,0.054533142128744425,1.2110020128420628e-06
"Holme P, 2012, PHYS REP, V519, P97, DOI 10.1016/j.physrep.2012.03.001",7,0.018229166666666664,0.002088284684564058,0.04397969673605757,7.645864065482372e-07
"Abdi H, 2013, WIRES COMPUT STAT, V5, P149, DOI 10.1002/wics.1246",2,0.005208333333333333,0.0,0.005859375,1.3053296551173345e-29
"Albert R, 2014, WIRES SYST BIOL MED, V6, P353, DOI 10.1002/wsbm.1273",0,0.0,0.0,0.0,1.1385081602069567e-54
"Spillane JP, 2018, AM EDUC RES J, V55, P532, DOI 10.3102/0002831217743928",2,0.005208333333333333,1.3598781549173194e-05,0.005208333333333333,1.8917602872898713e-35
"Unknown -, 2011, ANN APPL STAT, V0, P0, DOI 10.1214/10-AOAS382",4,0.010416666666666666,0.0038892515230635333,0.05034568990879671,1.6041899683483185e-07
"Aral S, 2011, MANAGE SCI, V57, P1623, DOI 10.1287/mnsc.1110.1421",9,0.0234375,0.0,0.05052406259226454,0.00015995336470272476
"Mucha PJ, 2010, SCIENCE, V328, P876, DOI 10.1126/science.1184819",7,0.018229166666666664,0.00014958659704090516,0.0202020202020202,3.9963243667177075e-13
"Acemoglu D, 2015, NETWORKS SHOCKS SYST, V0, P1",3,0.0078125,0.0,0.0602340725096797,1.6572572565861102e-07
"Al-Shboul M, 2022, INT REV FINANC ANAL, V83, P0, DOI 10.1016/j.irfa.2022.102309",7,0.018229166666666664,0.0,0.018229166666666668,1.624933144782288e-09
"Athreya A, 2018, J MACH LEARN RES, V18, P0",4,0.010416666666666666,0.0,0.0361709997886282,1.5172830035291325e-08
"Pallotti F, 2022, SOC NETWORKS, V69, P102, DOI 10.1016/j.socnet.2020.02.006",9,0.0234375,0.002089989646395024,0.06526506483600306,7.747364490301587e-06
"Abadie A, 2020, ECONOMETRICA, V88, P265, DOI 10.3982/ECTA12675",3,0.0078125,0.0,0.0078125,1.4432305526510858e-24
"Stadtfeld C, 2017, SOCIOL METHODOL, V47, P1, DOI 10.1177/0081175017709295",6,0.015625,0.0011422976501305484,0.01808449074074074,6.840505524059029e-17
"Asirvatham J, 2014, APPL ECON PERSPECT P, V36, P438, DOI 10.1093/aepp/ppu011",1,0.0026041666666666665,0.0,0.0640198279087168,9.387605804320287e-08
"Antonacci G, 2017, J KNOWL MANAG, V21, P1218, DOI 10.1108/JKM-11-2016-0504",1,0.0026041666666666665,0.0,0.0026041666666666665,1.2818462315165797e-39
"Antràs P, 2013, ECONOMETRICA, V81, P2127, DOI 10.3982/ECTA10813",3,0.0078125,0.0,0.0602340725096797,1.6572572565861102e-07
"Ahr A, 2018, THE NHLS DIVISIONAL TRADING TABOO: FACT OR MYTH?, V0, P0",0,0.0,0.0,0.0,1.1385081602069567e-54
"Steglich C, 2010, SOCIOL METHODOL, V40, P329, DOI 10.1111/j.1467-9531.2010.01225.x",7,0.018229166666666664,0.00010199086161879895,0.019176136363636364,4.649840390211891e-12
"Badie-Modiri A, 2020, PHYS REV E, V101, P0, DOI 10.1103/PhysRevE.101.052303",4,0.010416666666666666,0.0,0.020345052083333336,1.1189575364079912e-16
"Aslanidis N, 2021, ECON LETT, V199, P0, DOI 10.1016/j.econlet.2021.109725",7,0.018229166666666664,0.0,0.018229166666666668,1.624933144782288e-09
"Kim B, 2018, STAT SURV, V12, P105, DOI 10.1214/18-SS121",4,0.010416666666666666,0.00032637075718015666,0.014796401515151516,2.6236384841010403e-17
"Raftery AE, 2012, J COMPUT GRAPH STAT, V21, P901, DOI 10.1080/10618600.2012.679240",4,0.010416666666666666,0.0038892515230635333,0.05034568990879671,1.6041899683483185e-07
"Avin C, 2020, PHYSICA A, V555, P0, DOI 10.1016/j.physa.2020.124723",4,0.010416666666666666,0.00015638598781549172,0.01403107040229885,9.28859693999289e-18
"Arnaboldi V, 2013, P 1 ACM C ONL SOC NE, V0, PP15, DOI 10.1145/2512938.2512949, 10.1145/2512938.2512949",1,0.0026041666666666665,0.0,0.012053571428571427,1.1422223774098104e-11
"Avrachenkov K, 2019, EUR J COMBIN, V80, P47, DOI 10.1016/j.ejc.2018.02.002",0,0.0,0.0,0.0,1.1385081602069567e-54
"Schaefer David R, 2012, AM J PUBLIC HEALTH, V102, Pe12, DOI 10.2105/AJPH.2012.300705",7,0.018229166666666664,0.0009927110530896432,0.06482007575757576,6.6925761732664045e-06
"Aksnes DW, 2019, SCIENTOMETRICS, V120, P747, DOI 10.1007/s11192-019-03155-3",2,0.005208333333333333,0.0,0.005208333333333333,8.173327171833273e-31
"Holme P, 2019, COMPUT SOC SCI, V0, PP1, DOI 10.1007/978-3-030-23495-9",6,0.015625,0.002094212358572672,0.02358846618357488,1.5497632609977756e-16
"Gibson B, 2021, SOC NETWORKS, V66, P65, DOI 10.1016/j.socnet.2020.12.007",0,0.0,0.0,0.0,1.1385081602069567e-54
"Akter S, 2021, J CHEM PHYS, V154, P0, DOI 10.1063/5.0041265",0,0.0,0.0,0.0,1.1385081602069567e-54
"Chen LR, 2014, J POLICY MODEL, V36, PS111, DOI 10.1016/j.jpolmod.2013.10.011",10,0.026041666666666664,0.00031617167101827677,0.027217741935483875,4.681252271882561e-09
"Treur J, 2016, UNDERST COMPLEX SYST, V0, PP1, DOI 10.1007/978-3-319-45213-5",2,0.005208333333333333,0.0,0.06430853062758363,1.3645673555167053e-07
"Thiemichen S, 2016, SOC NETWORKS, V46, P11, DOI 10.1016/j.socnet.2016.01.002",3,0.0078125,0.0,0.014663100600600602,2.527378884688861e-17
"Neal ZP, 2021, SCI REP-UK, V11, P0, DOI 10.1038/s41598-021-03238-3",3,0.0078125,0.0,0.06373370577281191,9.577968855996993e-07
"Neal ZP, 2020, SOC NETWORKS, V60, P103, DOI 10.1016/j.socnet.2018.07.007",4,0.010416666666666666,0.0,0.050301293356848915,1.0646789587699899e-07
